,predicted_class
0,p
1,p
2,e
3,p
4,e
5,p
6,e
7,e
8,p
9,p
10,p
11,p
12,e
13,e
14,p
15,e
16,e
17,p
18,p
19,e
20,p
21,e
22,p
23,e
24,e
25,e
26,e
27,p
28,p
29,e
30,e
31,p
32,e
33,e
34,e
35,e
36,e
37,e
38,p
39,p
40,p
41,e
42,e
43,e
44,p
45,p
46,p
47,p
48,p
49,e
50,p
51,e
52,e
53,p
54,e
55,e
56,p
57,e
58,e
59,p
60,e
61,p
62,p
63,p
64,p
65,p
66,e
67,e
68,p
69,p
70,p
71,p
72,p
73,p
74,p
75,p
76,p
77,e
78,e
79,e
80,p
81,e
82,p
83,e
84,e
85,p
86,e
87,p
88,p
89,e
90,e
91,p
92,e
93,e
94,p
95,e
96,e
97,e
98,e
99,e
100,e
101,p
102,e
103,e
104,e
105,e
106,p
107,p
108,p
109,p
110,p
111,e
112,p
113,e
114,e
115,e
116,p
117,e
118,p
119,e
120,p
121,e
122,e
123,e
124,p
125,e
126,e
127,e
128,e
129,e
130,e
131,e
132,p
133,e
134,p
135,e
136,p
137,p
138,e
139,e
140,p
141,e
142,e
143,e
144,e
145,e
146,p
147,e
148,p
149,p
150,e
151,p
152,p
153,p
154,p
155,e
156,e
157,e
158,e
159,e
160,p
161,e
162,e
163,p
164,e
165,p
166,p
167,p
168,e
169,p
170,p
171,p
172,p
173,e
174,e
175,p
176,e
177,p
178,e
179,e
180,e
181,e
182,e
183,p
184,p
185,e
186,e
187,p
188,p
189,e
190,p
191,p
192,p
193,e
194,p
195,p
196,p
197,e
198,p
199,p
200,e
201,e
202,e
203,p
204,p
205,e
206,e
207,p
208,e
209,e
210,e
211,p
212,p
213,p
214,e
215,p
216,e
217,e
218,p
219,e
220,e
221,p
222,p
223,p
224,e
225,p
226,p
227,p
228,p
229,p
230,p
231,e
232,e
233,e
234,e
235,p
236,e
237,p
238,e
239,e
240,e
241,p
242,p
243,e
244,e
245,p
246,e
247,e
248,p
249,p
250,p
251,e
252,e
253,p
254,p
255,p
256,p
257,e
258,p
259,e
260,e
261,e
262,p
263,e
264,e
265,e
266,e
267,e
268,e
269,p
270,p
271,p
272,e
273,e
274,e
275,p
276,e
277,p
278,p
279,e
280,e
281,e
282,e
283,p
284,p
285,e
286,e
287,e
288,p
289,p
290,e
291,e
292,e
293,e
294,e
295,p
296,p
297,p
298,e
299,e
300,p
301,e
302,p
303,p
304,p
305,e
306,e
307,p
308,e
309,p
310,e
311,p
312,e
313,e
314,e
315,p
316,e
317,e
318,p
319,p
320,e
321,e
322,p
323,e
324,e
325,p
326,p
327,p
328,p
329,e
330,e
331,p
332,p
333,e
334,e
335,p
336,p
337,e
338,e
339,p
340,p
341,p
342,e
343,e
344,p
345,e
346,e
347,e
348,e
349,e
350,p
351,e
352,p
353,e
354,e
355,e
356,e
357,p
358,e
359,p
360,e
361,p
362,e
363,p
364,p
365,p
366,p
367,e
368,e
369,e
370,e
371,e
372,p
373,e
374,p
375,e
376,p
377,e
378,e
379,p
380,e
381,e
382,e
383,e
384,p
385,e
386,e
387,e
388,p
389,e
390,p
391,e
392,e
393,e
394,p
395,e
396,e
397,e
398,e
399,p
400,e
401,p
402,e
403,e
404,e
405,p
406,p
407,e
408,e
409,e
410,e
411,p
412,e
413,p
414,p
415,e
416,p
417,p
418,e
419,e
420,e
421,p
422,p
423,e
424,e
425,p
426,p
427,e
428,p
429,e
430,p
431,p
432,p
433,e
434,p
435,e
436,e
437,e
438,p
439,e
440,p
441,p
442,p
443,p
444,p
445,p
446,p
447,p
448,e
449,e
450,e
451,e
452,e
453,p
454,p
455,e
456,e
457,e
458,e
459,e
460,e
461,e
462,e
463,e
464,e
465,p
466,e
467,e
468,e
469,e
470,p
471,e
472,p
473,e
474,e
475,p
476,e
477,p
478,e
479,p
480,p
481,e
482,p
483,e
484,e
485,e
486,p
487,p
488,p
489,e
490,e
491,p
492,p
493,p
494,p
495,e
496,p
497,p
498,e
499,e
500,p
501,p
502,e
503,e
504,p
505,e
506,e
507,p
508,e
509,e
510,e
511,e
512,p
513,e
514,e
515,p
516,e
517,p
518,e
519,e
520,e
521,e
522,p
523,p
524,p
525,p
526,p
527,e
528,p
529,p
530,e
531,p
532,p
533,p
534,e
535,e
536,p
537,p
538,e
539,p
540,e
541,p
542,p
543,p
544,p
545,p
546,e
547,e
548,p
549,e
550,p
551,e
552,e
553,p
554,e
555,e
556,p
557,e
558,p
559,p
560,e
561,e
562,p
563,p
564,p
565,p
566,p
567,e
568,e
569,e
570,e
571,e
572,p
573,e
574,p
575,e
576,e
577,p
578,p
579,e
580,e
581,e
582,p
583,e
584,p
585,p
586,e
587,e
588,p
589,e
590,e
591,p
592,p
593,e
594,e
595,e
596,p
597,p
598,e
599,e
600,e
601,e
602,p
603,e
604,p
605,e
606,e
607,e
608,p
609,p
610,p
611,p
612,e
613,p
614,p
615,p
616,p
617,e
618,p
619,p
620,p
621,p
622,e
623,p
624,e
625,e
626,e
627,p
628,e
629,p
630,p
631,e
632,p
633,e
634,e
635,p
636,p
637,e
638,e
639,e
640,p
641,p
642,p
643,e
644,p
645,p
646,p
647,p
648,e
649,p
650,e
651,e
652,p
653,e
654,e
655,p
656,p
657,e
658,p
659,e
660,e
661,p
662,e
663,e
664,e
665,p
666,p
667,p
668,p
669,e
670,e
671,p
672,e
673,p
674,e
675,p
676,p
677,e
678,e
679,p
680,p
681,p
682,p
683,e
684,p
685,p
686,e
687,p
688,p
689,e
690,e
691,e
692,e
693,e
694,e
695,p
696,e
697,p
698,p
699,e
700,e
701,e
702,e
703,e
704,p
705,p
706,p
707,p
708,e
709,e
710,e
711,e
712,p
713,p
714,e
715,p
716,e
717,e
718,p
719,e
720,p
721,p
722,e
723,p
724,p
725,p
726,e
727,p
728,p
729,e
730,p
731,p
732,p
733,e
734,e
735,p
736,e
737,e
738,p
739,p
740,p
741,e
742,p
743,e
744,e
745,p
746,p
747,p
748,e
749,p
750,e
751,p
752,p
753,e
754,p
755,e
756,e
757,e
758,p
759,p
760,p
761,p
762,e
763,e
764,p
765,e
766,p
767,p
768,p
769,p
770,e
771,p
772,e
773,e
774,e
775,e
776,e
777,e
778,p
779,p
780,e
781,p
782,e
783,p
784,p
785,e
786,e
787,e
788,p
789,p
790,e
791,e
792,p
793,e
794,p
795,p
796,e
797,e
798,e
799,p
800,p
801,e
802,e
803,p
804,e
805,e
806,e
807,e
808,p
809,p
810,e
811,p
812,p
813,p
814,e
815,e
816,e
817,p
818,p
819,p
820,p
821,p
822,e
823,p
824,e
825,p
826,e
827,e
828,p
829,e
830,p
831,e
832,e
833,p
834,p
835,p
836,e
837,p
838,e
839,p
840,p
841,e
842,p
843,e
844,p
845,e
846,p
847,e
848,e
849,e
850,e
851,e
852,e
853,e
854,p
855,e
856,p
857,p
858,p
859,e
860,e
861,e
862,e
863,p
864,e
865,p
866,e
867,p
868,e
869,p
870,p
871,e
872,e
873,e
874,p
875,p
876,p
877,e
878,p
879,p
880,p
881,e
882,p
883,p
884,p
885,p
886,p
887,p
888,p
889,p
890,p
891,e
892,p
893,p
894,e
895,e
896,p
897,e
898,e
899,e
900,e
901,e
902,e
903,e
904,p
905,e
906,p
907,p
908,e
909,p
910,e
911,e
912,p
913,e
914,e
915,p
916,p
917,p
918,p
919,p
920,e
921,p
922,p
923,p
924,e
925,p
926,p
927,e
928,p
929,e
930,e
931,p
932,e
933,e
934,p
935,p
936,e
937,p
938,p
939,e
940,e
941,e
942,p
943,p
944,e
945,p
946,p
947,p
948,p
949,p
950,p
951,p
952,p
953,p
954,p
955,p
956,e
957,e
958,e
959,e
960,e
961,e
962,e
963,e
964,p
965,p
966,p
967,e
968,p
969,e
970,e
971,e
972,p
973,e
974,p
975,e
976,e
977,e
978,p
979,p
980,e
981,e
982,e
983,e
984,e
985,e
986,e
987,e
988,e
989,e
990,p
991,p
992,p
993,p
994,e
995,e
996,e
997,e
998,e
999,e
1000,e
1001,e
1002,e
1003,p
1004,e
1005,p
1006,p
1007,e
1008,p
1009,e
1010,e
1011,e
1012,e
1013,p
1014,e
1015,e
1016,e
1017,e
1018,p
1019,p
1020,e
1021,p
1022,e
1023,p
1024,e
1025,e
1026,e
1027,p
1028,p
1029,p
1030,e
1031,p
1032,e
1033,e
1034,e
1035,e
1036,p
1037,e
1038,e
1039,p
1040,e
1041,e
1042,e
1043,p
1044,e
1045,p
1046,p
1047,p
1048,e
1049,p
1050,e
1051,p
1052,e
1053,e
1054,e
1055,p
1056,p
1057,e
1058,e
1059,e
1060,p
1061,e
1062,p
1063,p
1064,e
1065,e
1066,e
1067,e
1068,p
1069,e
1070,p
1071,p
1072,e
1073,e
1074,p
1075,e
1076,e
1077,e
1078,e
1079,p
1080,e
1081,p
1082,p
1083,e
1084,e
1085,e
1086,p
1087,p
1088,e
1089,e
1090,p
1091,p
1092,p
1093,p
1094,e
1095,e
1096,p
1097,p
1098,p
1099,e
1100,e
1101,e
1102,p
1103,e
1104,e
1105,e
1106,e
1107,e
1108,p
1109,p
1110,e
1111,p
1112,e
1113,e
1114,e
1115,e
1116,e
1117,e
1118,p
1119,e
1120,e
1121,e
1122,e
1123,e
1124,e
1125,e
1126,p
1127,e
1128,p
1129,p
1130,e
1131,e
1132,p
1133,e
1134,p
1135,p
1136,p
1137,e
1138,e
1139,p
1140,p
1141,p
1142,p
1143,p
1144,e
1145,e
1146,p
1147,p
1148,e
1149,p
1150,p
1151,e
1152,p
1153,p
1154,e
1155,p
1156,e
1157,p
1158,p
1159,p
1160,p
1161,e
1162,p
1163,p
1164,e
1165,e
1166,e
1167,p
1168,p
1169,p
1170,p
1171,e
1172,p
1173,e
1174,e
1175,e
1176,p
1177,p
1178,e
1179,e
1180,e
1181,p
1182,p
1183,p
1184,p
1185,e
1186,p
1187,p
1188,e
1189,p
1190,e
1191,e
1192,e
1193,p
1194,e
1195,p
1196,e
1197,e
1198,p
1199,e
1200,p
1201,e
1202,p
1203,p
1204,e
1205,p
1206,e
1207,e
1208,p
1209,p
1210,e
1211,p
1212,p
1213,e
1214,e
1215,p
1216,p
1217,e
1218,p
1219,p
1220,e
1221,p
1222,e
1223,p
1224,e
1225,e
1226,p
1227,p
1228,e
1229,e
1230,e
1231,p
1232,p
1233,e
1234,p
1235,p
1236,p
1237,p
1238,p
1239,e
1240,p
1241,e
1242,p
1243,e
1244,p
1245,p
1246,p
1247,e
1248,p
1249,p
1250,p
1251,e
1252,e
1253,e
1254,p
1255,p
1256,p
1257,p
1258,e
1259,e
1260,p
1261,p
1262,p
1263,p
1264,p
1265,e
1266,p
1267,p
1268,p
1269,p
1270,e
1271,e
1272,e
1273,p
1274,e
1275,e
1276,e
1277,p
1278,e
1279,p
1280,p
1281,p
1282,p
1283,e
1284,e
1285,p
1286,e
1287,e
1288,p
1289,e
1290,p
1291,e
1292,p
1293,p
1294,e
1295,e
1296,e
1297,e
1298,p
1299,p
1300,p
1301,e
1302,p
1303,p
1304,p
1305,e
1306,p
1307,p
1308,e
1309,p
1310,p
1311,e
1312,p
1313,p
1314,p
1315,e
1316,e
1317,e
1318,e
1319,p
1320,e
1321,p
1322,e
1323,p
1324,p
1325,e
1326,e
1327,p
1328,p
1329,e
1330,p
1331,e
1332,p
1333,p
1334,p
1335,p
1336,p
1337,p
1338,p
1339,e
1340,e
1341,p
1342,e
1343,e
1344,p
1345,e
1346,e
1347,p
1348,e
1349,e
1350,e
1351,p
1352,e
1353,p
1354,p
1355,p
1356,e
1357,e
1358,p
1359,e
1360,e
1361,e
1362,e
1363,p
1364,e
1365,e
1366,p
1367,e
1368,e
1369,e
1370,p
1371,e
1372,e
1373,e
1374,p
1375,e
1376,e
1377,p
1378,e
1379,p
1380,e
1381,e
1382,p
1383,e
1384,e
1385,p
1386,p
1387,p
1388,p
1389,e
1390,e
1391,e
1392,e
1393,p
1394,p
1395,p
1396,e
1397,p
1398,e
1399,e
1400,e
1401,e
1402,e
1403,e
1404,p
1405,p
1406,e
1407,e
1408,e
1409,e
1410,p
1411,e
1412,e
1413,e
1414,p
1415,e
1416,e
1417,p
1418,p
1419,p
1420,p
1421,e
1422,p
1423,e
1424,p
1425,e
1426,p
1427,p
1428,e
1429,p
1430,e
1431,p
1432,e
1433,e
1434,p
1435,p
1436,e
1437,e
1438,e
1439,e
1440,e
1441,p
1442,p
1443,p
1444,e
1445,e
1446,p
1447,e
1448,p
1449,p
1450,p
1451,p
1452,e
1453,e
1454,e
1455,e
1456,p
1457,e
1458,e
1459,e
1460,p
1461,p
1462,e
1463,p
1464,p
1465,e
1466,p
1467,p
1468,e
1469,p
1470,p
1471,e
1472,p
1473,e
1474,p
1475,p
1476,p
1477,p
1478,p
1479,e
1480,p
1481,p
1482,e
1483,e
1484,e
1485,p
1486,p
1487,e
1488,e
1489,p
1490,p
1491,e
1492,e
1493,e
1494,e
1495,e
1496,p
1497,p
1498,p
1499,p
1500,p
1501,p
1502,e
1503,e
1504,p
1505,p
1506,e
1507,p
1508,p
1509,p
1510,e
1511,e
1512,e
1513,p
1514,p
1515,e
1516,p
1517,p
1518,p
1519,p
1520,p
1521,p
1522,e
1523,e
1524,e
1525,p
1526,p
1527,e
1528,p
1529,p
1530,e
1531,p
1532,e
1533,e
1534,e
1535,p
1536,e
1537,e
1538,e
1539,p
1540,p
1541,p
1542,e
1543,e
1544,e
1545,p
1546,e
1547,e
1548,e
1549,e
1550,e
1551,p
1552,e
1553,p
1554,e
1555,p
1556,e
1557,p
1558,e
1559,e
1560,e
1561,p
1562,p
1563,e
1564,p
1565,p
1566,p
1567,e
1568,p
1569,e
1570,e
1571,p
1572,p
1573,e
1574,e
1575,p
1576,p
1577,e
1578,e
1579,p
1580,e
1581,e
1582,e
1583,p
1584,p
1585,p
1586,p
1587,e
1588,e
1589,p
1590,p
1591,p
1592,e
1593,e
1594,p
1595,p
1596,e
1597,p
1598,e
1599,p
1600,p
1601,p
1602,p
1603,p
1604,p
1605,e
1606,e
1607,e
1608,e
1609,p
1610,e
1611,p
1612,e
1613,p
1614,e
1615,e
1616,e
1617,e
1618,p
1619,p
1620,p
1621,e
1622,e
1623,p
1624,p
1625,e
1626,p
1627,e
1628,e
1629,e
1630,p
1631,p
1632,e
1633,e
1634,e
1635,e
1636,p
1637,e
1638,p
1639,e
1640,e
1641,p
1642,p
1643,p
1644,p
1645,e
1646,p
1647,e
1648,e
1649,p
1650,p
1651,e
1652,e
1653,p
1654,p
1655,p
1656,e
1657,p
1658,e
1659,e
1660,e
1661,p
1662,p
1663,e
1664,p
1665,e
1666,e
1667,e
1668,e
1669,p
1670,e
1671,e
1672,p
1673,e
1674,e
1675,e
1676,p
1677,p
1678,p
1679,e
1680,p
1681,p
1682,p
1683,p
1684,e
1685,p
1686,e
1687,p
1688,e
1689,p
1690,e
1691,e
1692,p
1693,e
1694,p
1695,p
1696,p
1697,e
1698,e
1699,e
1700,e
1701,e
1702,e
1703,p
1704,p
1705,e
1706,p
1707,p
1708,e
1709,e
1710,p
1711,e
1712,e
1713,p
1714,e
1715,p
1716,e
1717,e
1718,p
1719,p
1720,p
1721,p
1722,p
1723,e
1724,p
1725,e
1726,e
1727,p
1728,e
1729,e
1730,p
1731,p
1732,p
1733,p
1734,p
1735,p
1736,p
1737,p
1738,p
1739,p
1740,e
1741,e
1742,e
1743,e
1744,e
1745,e
1746,p
1747,e
1748,e
1749,p
1750,e
1751,e
1752,e
1753,p
1754,e
1755,e
1756,e
1757,p
1758,e
1759,p
1760,e
1761,e
1762,p
1763,p
1764,p
1765,e
1766,p
1767,p
1768,e
1769,e
1770,p
1771,e
1772,e
1773,p
1774,e
1775,e
1776,e
1777,e
1778,p
1779,e
1780,p
1781,p
1782,e
1783,e
1784,e
1785,e
1786,p
1787,e
1788,p
1789,p
1790,e
1791,e
1792,e
1793,p
1794,p
1795,e
1796,p
1797,e
1798,p
1799,e
1800,p
1801,p
1802,p
1803,e
1804,e
1805,e
1806,e
1807,e
1808,e
1809,p
1810,p
1811,p
1812,e
1813,e
1814,p
1815,e
1816,e
1817,e
1818,e
1819,e
1820,e
1821,e
1822,p
1823,e
1824,e
1825,e
1826,p
1827,p
1828,e
1829,p
1830,e
1831,e
1832,e
1833,p
1834,e
1835,p
1836,e
1837,e
1838,e
1839,e
1840,p
1841,p
1842,p
1843,p
1844,e
1845,p
1846,p
1847,e
1848,p
1849,e
1850,e
1851,p
1852,e
1853,e
1854,p
1855,e
1856,p
1857,p
1858,e
1859,p
1860,e
1861,e
1862,e
1863,e
1864,e
1865,p
1866,e
1867,e
1868,e
1869,p
1870,p
1871,p
1872,p
1873,p
1874,e
1875,e
1876,p
1877,e
1878,p
1879,p
1880,e
1881,p
1882,e
1883,e
1884,e
1885,e
1886,e
1887,p
1888,e
1889,p
1890,e
1891,e
1892,e
1893,p
1894,p
1895,p
1896,e
1897,e
1898,e
1899,p
1900,p
1901,e
1902,e
1903,e
1904,e
1905,p
1906,p
1907,e
1908,e
1909,e
1910,e
1911,p
1912,p
1913,e
1914,p
1915,e
1916,e
1917,e
1918,e
1919,e
1920,p
1921,p
1922,e
1923,p
1924,e
1925,p
1926,e
1927,p
1928,p
1929,p
1930,e
1931,e
1932,e
1933,e
1934,p
1935,e
1936,p
1937,e
1938,p
1939,e
1940,p
1941,p
1942,p
1943,e
1944,p
1945,p
1946,p
1947,p
1948,e
1949,p
1950,p
1951,p
1952,p
1953,e
1954,e
1955,e
1956,p
1957,e
1958,p
1959,e
1960,e
1961,e
1962,p
1963,e
1964,e
1965,p
1966,p
1967,e
1968,p
1969,p
1970,p
1971,p
1972,p
1973,p
1974,p
1975,p
1976,e
1977,e
1978,p
1979,p
1980,e
1981,p
1982,e
1983,e
1984,p
1985,p
1986,p
1987,p
1988,e
1989,p
1990,e
1991,p
1992,e
1993,p
1994,p
1995,p
1996,e
1997,p
1998,e
1999,e
2000,p
2001,p
2002,e
2003,e
2004,e
2005,e
2006,e
2007,p
2008,p
2009,p
2010,p
2011,e
2012,e
2013,e
2014,p
2015,p
2016,e
2017,e
2018,e
2019,e
2020,p
2021,e
2022,p
2023,p
2024,p
2025,p
2026,e
2027,p
2028,p
2029,e
2030,p
2031,p
2032,e
2033,p
2034,p
2035,e
2036,e
2037,e
2038,p
2039,p
2040,e
2041,e
2042,e
2043,e
2044,e
2045,e
2046,e
2047,e
2048,p
2049,p
2050,p
2051,p
2052,p
2053,p
2054,e
2055,e
2056,p
2057,e
2058,e
2059,p
2060,e
2061,e
2062,p
2063,p
2064,p
2065,e
2066,e
2067,e
2068,p
2069,e
2070,e
2071,e
2072,e
2073,e
2074,p
2075,p
2076,e
2077,p
2078,p
2079,p
2080,e
2081,e
2082,e
2083,p
2084,e
2085,e
2086,e
2087,e
2088,e
2089,p
2090,e
2091,e
2092,e
2093,p
2094,p
2095,e
2096,e
2097,p
2098,p
2099,e
2100,p
2101,p
2102,e
2103,p
2104,e
2105,e
2106,e
2107,e
2108,e
2109,p
2110,e
2111,p
2112,e
2113,e
2114,e
2115,e
2116,e
2117,e
2118,p
2119,p
2120,p
2121,e
2122,e
2123,p
2124,e
2125,e
2126,e
2127,e
2128,p
2129,e
2130,e
2131,p
2132,p
2133,p
2134,p
2135,e
2136,p
2137,p
2138,p
2139,e
2140,p
2141,e
2142,e
2143,e
2144,p
2145,e
2146,p
2147,e
2148,e
2149,e
2150,p
2151,p
2152,e
2153,p
2154,e
2155,p
2156,p
2157,e
2158,e
2159,p
2160,e
2161,p
2162,e
2163,p
2164,e
2165,e
2166,e
2167,e
2168,p
2169,p
2170,p
2171,p
2172,e
2173,e
2174,e
2175,e
2176,p
2177,e
2178,e
2179,e
2180,e
2181,p
2182,p
2183,p
2184,e
2185,e
2186,p
2187,p
2188,e
2189,p
2190,e
2191,e
2192,p
2193,e
2194,p
2195,p
2196,e
2197,p
2198,e
2199,e
2200,e
2201,e
2202,e
2203,e
2204,p
2205,p
2206,e
2207,p
2208,e
2209,p
2210,e
2211,e
2212,e
2213,e
2214,e
2215,e
2216,p
2217,e
2218,e
2219,p
2220,p
2221,p
2222,p
2223,p
2224,p
2225,e
2226,e
2227,p
2228,p
2229,p
2230,p
2231,e
2232,e
2233,p
2234,e
2235,p
2236,p
2237,p
2238,p
2239,p
2240,p
2241,p
2242,e
2243,p
2244,e
2245,e
2246,e
2247,p
2248,p
2249,p
2250,p
2251,e
2252,e
2253,e
2254,p
2255,e
2256,e
2257,p
2258,p
2259,e
2260,p
2261,e
2262,e
2263,p
2264,e
2265,p
2266,p
2267,p
2268,e
2269,p
2270,e
2271,e
2272,e
2273,p
2274,p
2275,p
2276,p
2277,e
2278,p
2279,e
2280,e
2281,p
2282,p
2283,e
2284,p
2285,e
2286,p
2287,p
2288,e
2289,e
2290,p
2291,p
2292,e
2293,p
2294,p
2295,p
2296,e
2297,e
2298,e
2299,e
2300,e
2301,e
2302,e
2303,p
2304,e
2305,e
2306,p
2307,p
2308,e
2309,p
2310,e
2311,e
2312,e
2313,p
2314,e
2315,p
2316,e
2317,e
2318,e
2319,e
2320,p
2321,p
2322,e
2323,e
2324,e
2325,p
2326,e
2327,e
2328,e
2329,p
2330,p
2331,e
2332,e
2333,p
2334,e
2335,p
2336,e
2337,e
2338,p
2339,p
2340,p
2341,p
2342,e
2343,p
2344,e
2345,e
2346,e
2347,e
2348,e
2349,e
2350,p
2351,e
2352,e
2353,e
2354,e
2355,e
2356,e
2357,e
2358,p
2359,p
2360,e
2361,e
2362,p
2363,e
2364,e
2365,p
2366,e
2367,p
2368,e
2369,p
2370,p
2371,e
2372,e
2373,p
2374,e
2375,e
2376,p
2377,p
2378,p
2379,p
2380,p
2381,e
2382,e
2383,p
2384,p
2385,p
2386,p
2387,p
2388,e
2389,p
2390,p
2391,p
2392,e
2393,p
2394,e
2395,p
2396,p
2397,e
2398,p
2399,e
2400,e
2401,p
2402,e
2403,p
2404,p
2405,p
2406,p
2407,e
2408,e
2409,e
2410,p
2411,e
2412,p
2413,p
2414,e
2415,e
2416,p
2417,e
2418,p
2419,e
2420,p
2421,p
2422,e
2423,e
2424,e
2425,e
2426,e
2427,e
2428,p
2429,e
2430,e
2431,p
2432,e
2433,e
2434,p
2435,e
2436,p
2437,e
